epoch,AUC,accuracy,false_negatives,false_positives,loss,lr,sensitivity_at_specificity,specificity_at_sensitivity,true_negatives,true_positives,val_AUC,val_accuracy,val_false_negatives,val_false_positives,val_loss,val_sensitivity_at_specificity,val_specificity_at_sensitivity,val_true_negatives,val_true_positives
0,0.667306125164032,0.7405099272727966,371.0,87.0,0.5403274297714233,0.01,0.11358574777841568,0.195288747549057,1229.0,78.0,0.7752120494842529,0.7463672161102295,192.0,0.0,0.5063096284866333,0.3385416567325592,0.22831858694553375,565.0,0.0
1,0.8242590427398682,0.8198300004005432,228.0,90.0,0.4238385558128357,0.01,0.4454343020915985,0.3085106313228607,1226.0,221.0,0.8567293286323547,0.8322324752807617,105.0,22.0,0.4064103662967682,0.5,0.4336283206939697,543.0,87.0
2,0.9138874411582947,0.8815863728523254,146.0,63.0,0.3082202076911926,0.01,0.679287314414978,0.5653495192527771,1253.0,303.0,0.8946580290794373,0.8692206144332886,95.0,4.0,0.331498384475708,0.6927083134651184,0.29557523131370544,561.0,97.0
3,0.9547643661499023,0.9223796129226685,87.0,50.0,0.22299732267856598,0.01,0.832962155342102,0.7431610822677612,1266.0,362.0,0.8548949956893921,0.8533685803413391,104.0,7.0,0.4206264019012451,0.59375,0.19646017253398895,558.0,88.0
4,0.9594430923461914,0.9150141477584839,93.0,57.0,0.2144487500190735,0.01,0.8017817139625549,0.7849544286727905,1259.0,356.0,0.9178327918052673,0.8705416321754456,77.0,21.0,0.30411413311958313,0.6354166865348816,0.5646017789840698,544.0,115.0
5,0.9768025875091553,0.9501416683197021,50.0,38.0,0.15318499505519867,0.01,0.9109131693840027,0.8685410618782043,1278.0,399.0,0.9114766716957092,0.887714684009552,69.0,16.0,0.44859036803245544,0.703125,0.0,549.0,123.0
6,0.9784178733825684,0.9422096610069275,60.0,42.0,0.1562252789735794,0.01,0.897550106048584,0.8768997192382812,1274.0,389.0,0.9153990745544434,0.8784676194190979,60.0,32.0,0.37109649181365967,0.6614583134651184,0.5716814398765564,533.0,132.0
7,0.9906232357025146,0.9631727933883667,38.0,27.0,0.09927302598953247,0.01,0.9599109292030334,0.9597264528274536,1289.0,411.0,0.9215754866600037,0.8692206144332886,95.0,4.0,0.5014129281044006,0.75,0.0,561.0,97.0
8,0.9834612011909485,0.9478753805160522,47.0,45.0,0.13944023847579956,0.01,0.9242761731147766,0.9247720241546631,1271.0,402.0,0.88036048412323,0.8533685803413391,109.0,2.0,0.6117543578147888,0.7291666865348816,0.0,563.0,83.0
9,0.9937788248062134,0.9728045463562012,29.0,19.0,0.0825490802526474,0.01,0.9643652439117432,0.9718844890594482,1297.0,420.0,0.8916758298873901,0.8361955285072327,121.0,3.0,0.6056846380233765,0.7135416865348816,0.0,562.0,71.0
10,0.9902780652046204,0.9682719707489014,36.0,20.0,0.09238378703594208,0.009995002,0.9599109292030334,0.9604862928390503,1296.0,413.0,0.9376429319381714,0.8969616889953613,50.0,28.0,0.3223300576210022,0.7395833134651184,0.6690265536308289,537.0,142.0
11,0.9894996285438538,0.9654390811920166,38.0,23.0,0.10195033997297287,0.009989508,0.9688196182250977,0.9680851101875305,1293.0,411.0,0.9086743593215942,0.8586525917053223,39.0,68.0,0.3540899455547333,0.71875,0.4831858277320862,497.0,153.0
12,0.9926077723503113,0.9705382585525513,29.0,23.0,0.08116810023784637,0.009983518,0.9710467457771301,0.9749240279197693,1293.0,420.0,0.910849928855896,0.8652576208114624,53.0,49.0,0.39489173889160156,0.6822916865348816,0.5132743120193481,516.0,139.0
13,0.992813229560852,0.9677053689956665,35.0,22.0,0.09112177789211273,0.009977033,0.9665924310684204,0.9658054709434509,1294.0,414.0,0.8866703510284424,0.8731836080551147,85.0,11.0,0.48148828744888306,0.6510416865348816,0.0,554.0,107.0
14,0.9939953684806824,0.977337121963501,20.0,20.0,0.07185142487287521,0.009970054,0.9844098091125488,0.9855623245239258,1296.0,429.0,0.9054895043373108,0.886393666267395,64.0,22.0,0.42978474497795105,0.6770833134651184,0.0,543.0,128.0
15,0.9961320757865906,0.9807365536689758,21.0,13.0,0.05380919948220253,0.009962582,0.9910913109779358,0.9908814430236816,1303.0,428.0,0.9067707657814026,0.8771466016769409,51.0,42.0,0.413275808095932,0.703125,0.0,523.0,141.0
16,0.9932600259780884,0.980169951915741,21.0,14.0,0.07506003975868225,0.009954618,0.9844098091125488,0.9924012422561646,1302.0,428.0,0.8984006643295288,0.8731836080551147,86.0,10.0,0.5403715968132019,0.6979166865348816,0.0,555.0,106.0
17,0.9976805448532104,0.9909348487854004,11.0,5.0,0.0398489311337471,0.009946164,0.9955456852912903,0.9984802603721619,1311.0,438.0,0.905249834060669,0.886393666267395,56.0,30.0,0.40465837717056274,0.7083333134651184,0.0,535.0,136.0
18,0.9926770925521851,0.9818696975708008,21.0,11.0,0.06210624426603317,0.00993722,0.9821826219558716,0.9931610822677612,1305.0,428.0,0.9302037358283997,0.8507265448570251,29.0,84.0,0.44194495677948,0.7291666865348816,0.6831858158111572,481.0,163.0
19,0.9964832663536072,0.9875354170799255,12.0,10.0,0.0469476580619812,0.009927789,0.9866369962692261,0.9939209818840027,1306.0,437.0,0.9218980073928833,0.886393666267395,53.0,33.0,0.3783342242240906,0.6927083134651184,0.0,532.0,139.0
20,0.9972761273384094,0.9858356714248657,16.0,9.0,0.042458388954401016,0.009917871,0.9910913109779358,0.996960461139679,1307.0,433.0,0.9049778580665588,0.9009246826171875,64.0,11.0,0.42620110511779785,0.78125,0.0,554.0,128.0
21,0.9987543821334839,0.9892351031303406,11.0,8.0,0.03790547326207161,0.009907468,0.993318498134613,0.996960461139679,1308.0,438.0,0.9050423502922058,0.9022457003593445,56.0,18.0,0.4146102964878082,0.7239583134651184,0.0,547.0,136.0
22,0.9965204000473022,0.9892351031303406,9.0,10.0,0.03834691643714905,0.009896582,0.9910913109779358,0.9977203607559204,1306.0,440.0,0.9170538783073425,0.9167767763137817,44.0,19.0,0.38204556703567505,0.7864583134651184,0.0,546.0,148.0
23,0.996784508228302,0.9864022731781006,15.0,9.0,0.046993598341941833,0.009885214,0.9955456852912903,0.9946808218955994,1307.0,434.0,0.838712215423584,0.8428005576133728,105.0,14.0,0.6732242703437805,0.5104166865348816,0.0,551.0,87.0
24,0.9983948469161987,0.9847025275230408,15.0,12.0,0.04141475260257721,0.009873366,0.9955456852912903,0.9946808218955994,1304.0,434.0,0.8961697816848755,0.887714684009552,69.0,16.0,0.4778238534927368,0.6927083134651184,0.0,549.0,123.0
25,0.9975385069847107,0.9830028414726257,19.0,11.0,0.046943698078393936,0.00986104,0.9955456852912903,0.9946808218955994,1305.0,430.0,0.7519404292106628,0.7807133197784424,165.0,1.0,1.7824145555496216,0.515625,0.0,564.0,27.0
26,0.9961827993392944,0.9869688153266907,13.0,10.0,0.04433993995189667,0.009848237,0.9888641238212585,0.996960461139679,1306.0,436.0,0.9183765053749084,0.8665785789489746,38.0,63.0,0.5474219918251038,0.71875,0.5522124171257019,502.0,154.0
27,0.9986301064491272,0.9875354170799255,12.0,10.0,0.03450121730566025,0.00983496,0.9977728128433228,0.9954407215118408,1306.0,437.0,0.9067109823226929,0.8745046257972717,51.0,44.0,0.42810186743736267,0.703125,0.0,521.0,141.0
28,0.9995625615119934,0.9983002543449402,1.0,2.0,0.010421041399240494,0.00982121,1.0,0.9992401003837585,1314.0,448.0,0.8884724378585815,0.885072648525238,72.0,15.0,0.671334445476532,0.6822916865348816,0.0,550.0,120.0
29,0.9983226656913757,0.9915013909339905,7.0,8.0,0.025509929284453392,0.00980699,0.993318498134613,0.9992401003837585,1308.0,442.0,0.891878604888916,0.9009246826171875,52.0,23.0,0.6157324910163879,0.7395833134651184,0.0,542.0,140.0
30,0.9997250437736511,0.9966005682945251,4.0,2.0,0.015315734781324863,0.009792301,0.9977728128433228,0.9992401003837585,1314.0,445.0,0.8862693905830383,0.8811096549034119,76.0,14.0,0.5974277853965759,0.7083333134651184,0.0,551.0,116.0
31,0.9998545050621033,0.9960339665412903,5.0,2.0,0.012964172288775444,0.009777146,1.0,1.0,1314.0,444.0,0.867436408996582,0.8982827067375183,61.0,16.0,0.893099308013916,0.7239583134651184,0.0,549.0,131.0
32,0.9987459182739258,0.9971671104431152,3.0,2.0,0.012031422927975655,0.009761528,0.9977728128433228,1.0,1314.0,446.0,0.8790699243545532,0.9022457003593445,65.0,9.0,0.7588663101196289,0.75,0.0,556.0,127.0
33,0.9990928769111633,0.9971671104431152,3.0,2.0,0.015536068938672543,0.009745448,1.0,0.9984802603721619,1314.0,446.0,0.8875322937965393,0.9075297117233276,51.0,19.0,0.5137572884559631,0.7395833134651184,0.0,546.0,141.0
34,0.9999399185180664,0.9966005682945251,3.0,3.0,0.009782025590538979,0.009728909,1.0,1.0,1313.0,446.0,0.8952479958534241,0.9048877358436584,51.0,21.0,0.7669952511787415,0.7916666865348816,0.0,544.0,141.0
35,0.9992730617523193,0.9937676787376404,5.0,6.0,0.023026682436466217,0.009711913,1.0,0.9977203607559204,1310.0,444.0,0.8029913902282715,0.845442533493042,115.0,2.0,1.6821311712265015,0.625,0.0,563.0,77.0
36,0.9983397126197815,0.9920679926872253,10.0,4.0,0.026737499982118607,0.009694463,0.9977728128433228,0.9984802603721619,1312.0,439.0,0.932646632194519,0.9062086939811707,40.0,31.0,0.3583449721336365,0.7916666865348816,0.0,534.0,152.0
37,1.0000001192092896,0.9994333982467651,0.0,1.0,0.0033283415250480175,0.009676561,1.0,1.0,1315.0,449.0,0.922745943069458,0.9048877358436584,45.0,27.0,0.4227507710456848,0.7708333134651184,0.0,538.0,147.0
38,1.0,1.0,0.0,0.0,0.0012850842904299498,0.00965821,1.0,1.0,1316.0,449.0,0.9172475337982178,0.9167767763137817,43.0,20.0,0.449272483587265,0.7864583134651184,0.0,545.0,149.0
39,1.0,1.0,0.0,0.0,0.0002917819656431675,0.009639413,1.0,1.0,1316.0,449.0,0.9093150496482849,0.9154557585716248,44.0,20.0,0.5103761553764343,0.8020833134651184,0.0,545.0,148.0
40,1.0000001192092896,1.0,0.0,0.0,0.0003268019063398242,0.009620173,1.0,1.0,1316.0,449.0,0.904516875743866,0.9114927053451538,50.0,17.0,0.5529829263687134,0.796875,0.0,548.0,142.0
41,1.0,0.998866856098175,2.0,0.0,0.002443810226395726,0.009600492,1.0,1.0,1316.0,447.0,0.8938744068145752,0.9035667181015015,59.0,14.0,0.6371694803237915,0.7708333134651184,0.0,551.0,133.0
42,0.9999763369560242,0.9966005682945251,2.0,4.0,0.006115230731666088,0.009580374,1.0,1.0,1312.0,447.0,0.9029175639152527,0.8996037244796753,46.0,30.0,0.6262236833572388,0.7604166865348816,0.0,535.0,146.0
43,1.0,1.0,0.0,0.0,0.0010840105824172497,0.00955982,1.0,1.0,1316.0,449.0,0.9089599847793579,0.9022457003593445,50.0,24.0,0.6336396336555481,0.765625,0.0,541.0,142.0
44,0.9998671412467957,0.9954674243927002,4.0,4.0,0.013641527853906155,0.009538835,1.0,1.0,1312.0,445.0,0.8662149906158447,0.887714684009552,75.0,10.0,0.8323850631713867,0.7135416865348816,0.0,555.0,117.0
45,0.9999687075614929,0.9966005682945251,4.0,2.0,0.007559887133538723,0.009517421,1.0,1.0,1314.0,445.0,0.8796184659004211,0.9022457003593445,63.0,11.0,0.7999325394630432,0.765625,0.0,554.0,129.0
46,0.9999145865440369,0.9954674243927002,5.0,3.0,0.010513480752706528,0.0094955815,1.0,1.0,1313.0,444.0,0.895441472530365,0.8903566598892212,48.0,35.0,0.6069831252098083,0.734375,0.0,530.0,144.0
47,0.999977171421051,0.998866856098175,0.0,2.0,0.005057844333350658,0.009473319,1.0,1.0,1314.0,449.0,0.8771064281463623,0.8903566598892212,72.0,11.0,0.7835265398025513,0.75,0.0,554.0,120.0
48,0.9988458752632141,0.9983002543449402,1.0,2.0,0.007555708289146423,0.009450638,0.9977728128433228,1.0,1314.0,448.0,0.8844994902610779,0.844121515750885,43.0,75.0,0.640158474445343,0.6770833134651184,0.0,490.0,149.0
49,0.9969029426574707,0.9926345348358154,9.0,4.0,0.029434416443109512,0.00942754,0.9955456852912903,0.9992401003837585,1312.0,440.0,0.8866749405860901,0.8797886371612549,61.0,30.0,0.6140612363815308,0.671875,0.0,535.0,131.0
50,0.997539222240448,0.9881019592285156,11.0,10.0,0.03709271550178528,0.00940403,0.9955456852912903,0.9962006211280823,1306.0,438.0,0.8136430382728577,0.8546895384788513,102.0,8.0,1.2977122068405151,0.6145833134651184,0.0,557.0,90.0
51,0.9987341165542603,0.9943342804908752,5.0,5.0,0.01402647327631712,0.009380111,0.9977728128433228,1.0,1311.0,444.0,0.9168787002563477,0.7859973311424255,18.0,144.0,0.8257373571395874,0.0,0.5752212405204773,421.0,174.0
52,1.0,1.0,0.0,0.0,0.0029592032078653574,0.009355785,1.0,1.0,1316.0,449.0,0.9236080646514893,0.9048877358436584,50.0,22.0,0.5237287282943726,0.796875,0.0,543.0,142.0
53,0.9975993633270264,0.9960339665412903,4.0,3.0,0.01533419918268919,0.009331058,0.9955456852912903,1.0,1313.0,445.0,0.8998342156410217,0.8797886371612549,42.0,49.0,0.5675346255302429,0.7135416865348816,0.0,516.0,150.0
54,0.9999966621398926,0.9994333982467651,1.0,0.0,0.003606145502999425,0.009305932,1.0,1.0,1316.0,448.0,0.9116103649139404,0.9075297117233276,45.0,25.0,0.6603055596351624,0.78125,0.0,540.0,147.0
55,1.0,1.0,0.0,0.0,0.0005608607898466289,0.009280411,1.0,1.0,1316.0,449.0,0.9010461568832397,0.9022457003593445,53.0,21.0,0.6662351489067078,0.78125,0.0,544.0,139.0
56,1.0,0.9994333982467651,1.0,0.0,0.0011916592484340072,0.009254498,1.0,1.0,1316.0,448.0,0.8958195447921753,0.9009246826171875,51.0,24.0,0.7296643853187561,0.75,0.0,541.0,141.0
57,0.9999966025352478,0.9994333982467651,1.0,0.0,0.0018186074448749423,0.009228198,1.0,1.0,1316.0,448.0,0.8968289494514465,0.9062086939811707,46.0,25.0,0.6567606329917908,0.8072916865348816,0.0,540.0,146.0
58,0.9999966621398926,0.998866856098175,1.0,1.0,0.002533350605517626,0.009201514,1.0,1.0,1315.0,448.0,0.908416211605072,0.8929986953735352,37.0,44.0,0.6623886823654175,0.7447916865348816,0.0,521.0,155.0
59,1.0000001192092896,0.9994333982467651,1.0,0.0,0.0010146813001483679,0.009174449,1.0,1.0,1316.0,448.0,0.9077388048171997,0.9062086939811707,45.0,26.0,0.7535580396652222,0.7760416865348816,0.0017699114978313446,539.0,147.0
60,1.0,1.0,0.0,0.0,0.0007350759697146714,0.009147008,1.0,1.0,1316.0,449.0,0.9016177654266357,0.9128137230873108,44.0,22.0,0.6841142177581787,0.796875,0.0,543.0,148.0
61,1.0,1.0,0.0,0.0,0.00011937695671804249,0.009119194,1.0,1.0,1316.0,449.0,0.9117625951766968,0.9128137230873108,44.0,22.0,0.6403301954269409,0.796875,0.0,543.0,148.0
62,1.0,0.9994333982467651,1.0,0.0,0.0008492331835441291,0.009091012,1.0,1.0,1316.0,448.0,0.906309962272644,0.9075297117233276,45.0,25.0,0.6706188321113586,0.796875,0.0,540.0,147.0
63,0.9998443126678467,0.9943342804908752,5.0,5.0,0.016948604956269264,0.009062465,1.0,1.0,1311.0,444.0,0.9034108519554138,0.8652576208114624,44.0,58.0,0.5684821009635925,0.671875,0.0,507.0,148.0
64,0.9987451434135437,0.9960339665412903,6.0,1.0,0.017500516027212143,0.009033558,0.9977728128433228,1.0,1315.0,443.0,0.9476032853126526,0.8916776776313782,35.0,47.0,0.3823642432689667,0.7864583134651184,0.7150442600250244,518.0,157.0
65,0.999578595161438,0.998866856098175,1.0,1.0,0.00780437421053648,0.009004294,1.0,0.9992401003837585,1315.0,448.0,0.915039598941803,0.9009246826171875,39.0,36.0,0.49786126613616943,0.78125,0.0,529.0,153.0
66,1.0,1.0,0.0,0.0,0.0004898944171145558,0.008974678,1.0,1.0,1316.0,449.0,0.9098129272460938,0.9128137230873108,47.0,19.0,0.4970870912075043,0.7708333134651184,0.0,546.0,145.0
67,1.0,1.0,0.0,0.0,0.00028470304096117616,0.0089447135,1.0,1.0,1316.0,449.0,0.9092229008674622,0.9075297117233276,46.0,24.0,0.4999421238899231,0.7708333134651184,0.0,541.0,146.0
68,0.9999999403953552,1.0,0.0,0.0,0.0004990440211258829,0.008914405,1.0,1.0,1316.0,449.0,0.920400083065033,0.9022457003593445,41.0,33.0,0.47852611541748047,0.7708333134651184,0.0,532.0,151.0
69,1.0,1.0,0.0,0.0,0.00023739620519336313,0.008883756,1.0,1.0,1316.0,449.0,0.9195243716239929,0.9048877358436584,44.0,28.0,0.4991533160209656,0.7708333134651184,0.0,537.0,148.0
70,0.9999999403953552,1.0,0.0,0.0,0.0006483928300440311,0.008852771,1.0,1.0,1316.0,449.0,0.9119516015052795,0.8996037244796753,44.0,32.0,0.5123174786567688,0.7708333134651184,0.0,533.0,148.0
71,1.0,1.0,0.0,0.0,0.00017029527225531638,0.008821455,1.0,1.0,1316.0,449.0,0.9143529534339905,0.9035667181015015,43.0,30.0,0.5281695127487183,0.765625,0.0,535.0,149.0
72,1.0,1.0,0.0,0.0,0.00021797964291181415,0.008789811,1.0,1.0,1316.0,449.0,0.9083794355392456,0.9101717472076416,47.0,21.0,0.5302316546440125,0.7708333134651184,0.0,544.0,145.0
73,1.0,1.0,0.0,0.0,0.00010346037743147463,0.0087578455,1.0,1.0,1316.0,449.0,0.9063790440559387,0.9128137230873108,47.0,19.0,0.531021773815155,0.7708333134651184,0.0,546.0,145.0
74,1.0,1.0,0.0,0.0,0.00013233374920673668,0.008725561,1.0,1.0,1316.0,449.0,0.9070335626602173,0.9141347408294678,47.0,18.0,0.5386160016059875,0.7760416865348816,0.0,547.0,145.0
75,1.0,1.0,0.0,0.0,0.0001572454784763977,0.008692963,1.0,1.0,1316.0,449.0,0.9053835272789001,0.9167767763137817,47.0,16.0,0.5498656630516052,0.7760416865348816,0.0,549.0,145.0
76,1.0,1.0,0.0,0.0,0.00019047209934797138,0.008660055,1.0,1.0,1316.0,449.0,0.9073238968849182,0.9141347408294678,46.0,19.0,0.5445838570594788,0.78125,0.0,546.0,146.0
77,1.0,1.0,0.0,0.0,0.00013087777188047767,0.008626841,1.0,1.0,1316.0,449.0,0.9099557399749756,0.9128137230873108,46.0,20.0,0.5500311851501465,0.78125,0.0,545.0,146.0
78,1.0,1.0,0.0,0.0,5.95572819293011e-05,0.008593327,1.0,1.0,1316.0,449.0,0.9093565344810486,0.9128137230873108,46.0,20.0,0.5511450171470642,0.7760416865348816,0.0,545.0,146.0
79,1.0,1.0,0.0,0.0,8.181569137377664e-05,0.008559518,1.0,1.0,1316.0,449.0,0.9084392786026001,0.9088507294654846,45.0,24.0,0.5453605055809021,0.7708333134651184,0.0,541.0,147.0
80,1.0,1.0,0.0,0.0,8.625810005469248e-05,0.008525416,1.0,1.0,1316.0,449.0,0.9084483981132507,0.9088507294654846,45.0,24.0,0.5487604737281799,0.7760416865348816,0.0,541.0,147.0
81,1.0,1.0,0.0,0.0,6.926852074684575e-05,0.008491027,1.0,1.0,1316.0,449.0,0.9087758660316467,0.9101717472076416,45.0,23.0,0.5597800612449646,0.78125,0.0,542.0,147.0
82,1.0,1.0,0.0,0.0,5.503751526703127e-05,0.008456356,1.0,1.0,1316.0,449.0,0.9089370965957642,0.9114927053451538,44.0,23.0,0.5607444047927856,0.7708333134651184,0.0,542.0,148.0
83,1.0,1.0,0.0,0.0,0.00013418048911262304,0.008421407,1.0,1.0,1316.0,449.0,0.9071395397186279,0.9128137230873108,45.0,21.0,0.5643070340156555,0.7864583134651184,0.0,544.0,147.0
84,1.0,1.0,0.0,0.0,7.188822200987488e-05,0.008386185,1.0,1.0,1316.0,449.0,0.9095777273178101,0.9114927053451538,45.0,22.0,0.5542171597480774,0.7916666865348816,0.0,543.0,147.0
85,1.0,1.0,0.0,0.0,4.660543709178455e-05,0.008350695,1.0,1.0,1316.0,449.0,0.9094394445419312,0.9128137230873108,43.0,23.0,0.5498015284538269,0.7916666865348816,0.0,542.0,149.0
86,1.0,1.0,0.0,0.0,0.00010171175381401554,0.00831494,1.0,1.0,1316.0,449.0,0.9094579815864563,0.9114927053451538,45.0,22.0,0.5545442700386047,0.7916666865348816,0.0,543.0,147.0
87,1.0,1.0,0.0,0.0,2.6892659661825746e-05,0.008278927,1.0,1.0,1316.0,449.0,0.9095085263252258,0.9114927053451538,45.0,22.0,0.5564806461334229,0.7916666865348816,0.0,543.0,147.0
88,1.0,1.0,0.0,0.0,3.2313691917806864e-05,0.008242659,1.0,1.0,1316.0,449.0,0.9097576141357422,0.9128137230873108,44.0,22.0,0.5620313286781311,0.7864583134651184,0.0,543.0,148.0
89,1.0,1.0,0.0,0.0,0.0001237983669852838,0.008206142,1.0,1.0,1316.0,449.0,0.9205982089042664,0.9035667181015015,38.0,35.0,0.5564149618148804,0.7760416865348816,0.0,530.0,154.0
90,1.0,1.0,0.0,0.0,0.00010488207044545561,0.00816938,1.0,1.0,1316.0,449.0,0.9144126772880554,0.9062086939811707,39.0,32.0,0.5532500147819519,0.7760416865348816,0.0,533.0,153.0
91,0.9999999403953552,1.0,0.0,0.0,5.8485926274443045e-05,0.008132378,1.0,1.0,1316.0,449.0,0.9115413427352905,0.9048877358436584,42.0,30.0,0.5624358654022217,0.7760416865348816,0.0,535.0,150.0
92,1.0,1.0,0.0,0.0,6.0632934037130326e-05,0.00809514,1.0,1.0,1316.0,449.0,0.9091998338699341,0.9048877358436584,43.0,29.0,0.5650339722633362,0.7708333134651184,0.0,536.0,149.0
93,1.0,1.0,0.0,0.0,4.0273396734846756e-05,0.008057672,1.0,1.0,1316.0,449.0,0.9095547795295715,0.9101717472076416,42.0,26.0,0.5604839324951172,0.7864583134651184,0.0,539.0,150.0
94,1.0,1.0,0.0,0.0,4.456335955183022e-05,0.008019977,1.0,1.0,1316.0,449.0,0.9093334078788757,0.9062086939811707,45.0,26.0,0.5705772042274475,0.7760416865348816,0.0,539.0,147.0
95,1.0,1.0,0.0,0.0,7.364580960711464e-05,0.007982062,1.0,1.0,1316.0,449.0,0.9096100330352783,0.9075297117233276,44.0,26.0,0.5727351307868958,0.7760416865348816,0.0,539.0,148.0
96,1.0,1.0,0.0,0.0,3.142242712783627e-05,0.007943931,1.0,1.0,1316.0,449.0,0.9097067713737488,0.9101717472076416,45.0,23.0,0.57908034324646,0.7708333134651184,0.0,542.0,147.0
97,1.0,1.0,0.0,0.0,2.766265970421955e-05,0.0079055885,1.0,1.0,1316.0,449.0,0.9096329212188721,0.9088507294654846,45.0,24.0,0.5806852579116821,0.7708333134651184,0.0,541.0,147.0
98,1.0,1.0,0.0,0.0,2.8833712349296547e-05,0.00786704,1.0,1.0,1316.0,449.0,0.9100340604782104,0.9128137230873108,44.0,22.0,0.5865252614021301,0.7708333134651184,0.0,543.0,148.0
99,1.0,1.0,0.0,0.0,5.86458518228028e-05,0.00782829,1.0,1.0,1316.0,449.0,0.910098671913147,0.9114927053451538,45.0,22.0,0.5847854018211365,0.7708333134651184,0.0,543.0,147.0
100,1.0,1.0,0.0,0.0,3.8298836443573236e-05,0.007789343,1.0,1.0,1316.0,449.0,0.9103521108627319,0.9128137230873108,44.0,22.0,0.5862048268318176,0.7760416865348816,0.0,543.0,148.0
101,1.0,1.0,0.0,0.0,4.130195884499699e-05,0.0077502048,1.0,1.0,1316.0,449.0,0.9102506637573242,0.9114927053451538,44.0,23.0,0.5863752365112305,0.7760416865348816,0.0,542.0,148.0
102,1.0,1.0,0.0,0.0,9.217214392265305e-05,0.007710879,1.0,1.0,1316.0,449.0,0.9084762930870056,0.9141347408294678,45.0,20.0,0.5997011065483093,0.78125,0.0,545.0,147.0
103,1.0,1.0,0.0,0.0,1.834157774283085e-05,0.0076713716,1.0,1.0,1316.0,449.0,0.9085038900375366,0.9154557585716248,45.0,19.0,0.6012570261955261,0.7760416865348816,0.0,546.0,147.0
104,1.0,1.0,0.0,0.0,8.374443859793246e-05,0.007631687,1.0,1.0,1316.0,449.0,0.9083011150360107,0.9128137230873108,45.0,21.0,0.6029468774795532,0.7708333134651184,0.0,544.0,147.0
105,1.0,1.0,0.0,0.0,1.990955206565559e-05,0.00759183,1.0,1.0,1316.0,449.0,0.9082411527633667,0.9128137230873108,45.0,21.0,0.6031335592269897,0.7760416865348816,0.0,544.0,147.0
106,1.0,1.0,0.0,0.0,2.0524887077044696e-05,0.0075518056,1.0,1.0,1316.0,449.0,0.9084393978118896,0.9154557585716248,44.0,20.0,0.6006171703338623,0.78125,0.0,545.0,148.0
107,1.0,1.0,0.0,0.0,6.248778663575649e-05,0.0075116185,1.0,1.0,1316.0,449.0,0.910817563533783,0.9141347408294678,44.0,21.0,0.604812502861023,0.7760416865348816,0.0,544.0,148.0
108,1.0,1.0,0.0,0.0,2.182412390538957e-05,0.0074712737,1.0,1.0,1316.0,449.0,0.910624086856842,0.9128137230873108,44.0,22.0,0.6028057932853699,0.7864583134651184,0.0,543.0,148.0
109,1.0,1.0,0.0,0.0,2.1040646970504895e-05,0.007430776,1.0,1.0,1316.0,449.0,0.9106056094169617,0.9128137230873108,44.0,22.0,0.6066092252731323,0.78125,0.0,543.0,148.0
110,1.0,0.9994333982467651,1.0,0.0,0.0004805474018212408,0.0073901303,1.0,1.0,1316.0,448.0,0.9095594882965088,0.9141347408294678,41.0,24.0,0.5857570767402649,0.796875,0.0,541.0,151.0
111,1.0,1.0,0.0,0.0,7.754193939035758e-05,0.0073493416,1.0,1.0,1316.0,449.0,0.9117994904518127,0.9141347408294678,42.0,23.0,0.5807535648345947,0.796875,0.0,542.0,150.0
112,0.99776691198349,0.9983002543449402,2.0,1.0,0.023016061633825302,0.0073084147,0.9955456852912903,1.0,1315.0,447.0,0.8904038071632385,0.9128137230873108,57.0,9.0,0.6470236778259277,0.7864583134651184,0.0,556.0,135.0
113,0.9998139142990112,0.9983002543449402,2.0,1.0,0.008361074142158031,0.007267354,0.9977728128433228,1.0,1315.0,447.0,0.8658232688903809,0.8771466016769409,81.0,12.0,0.729807436466217,0.6979166865348816,0.0,553.0,111.0
114,1.0,0.9994333982467651,1.0,0.0,0.0021802361588925123,0.007226165,1.0,1.0,1316.0,448.0,0.9113154411315918,0.9035667181015015,50.0,23.0,0.5080828666687012,0.7604166865348816,0.0,542.0,142.0
115,1.0,1.0,0.0,0.0,0.0006635103491134942,0.007184852,1.0,1.0,1316.0,449.0,0.9139381051063538,0.9048877358436584,52.0,20.0,0.5001420378684998,0.78125,0.0,545.0,140.0
116,0.9934394955635071,0.9966005682945251,6.0,0.0,0.03550324589014053,0.00714342,0.9888641238212585,1.0,1316.0,443.0,0.9364767670631409,0.9062086939811707,43.0,28.0,0.40795159339904785,0.7760416865348816,0.6106194853782654,537.0,149.0
117,0.9987722039222717,0.9994333982467651,1.0,0.0,0.012260526418685913,0.0071018743,0.9977728128433228,1.0,1316.0,448.0,0.9222575426101685,0.9101717472076416,50.0,18.0,0.4477379322052002,0.7864583134651184,0.0,547.0,142.0
118,0.9999678730964661,0.9977337121963501,3.0,1.0,0.008279853500425816,0.007060219,1.0,1.0,1315.0,446.0,0.8716814517974854,0.8929986953735352,73.0,8.0,0.6082523465156555,0.7291666865348816,0.0,557.0,119.0
119,0.9996176362037659,0.998866856098175,1.0,1.0,0.015214159153401852,0.007018459,1.0,0.9992401003837585,1315.0,448.0,0.8568077087402344,0.8956406712532043,73.0,6.0,0.7297214269638062,0.734375,0.0,559.0,119.0
120,1.0,0.9994333982467651,0.0,1.0,0.0017045167041942477,0.0069765993,1.0,1.0,1315.0,449.0,0.8843151330947876,0.9114927053451538,55.0,12.0,0.5990720987319946,0.7864583134651184,0.0,553.0,137.0
121,0.9999746084213257,0.9983002543449402,1.0,2.0,0.00625560712069273,0.0069346447,1.0,1.0,1314.0,448.0,0.9099833369255066,0.9154557585716248,44.0,20.0,0.5196475386619568,0.8020833134651184,0.0,545.0,148.0
122,1.0,1.0,0.0,0.0,0.0005768128903582692,0.0068925996,1.0,1.0,1316.0,449.0,0.9074068665504456,0.9114927053451538,44.0,23.0,0.5290353894233704,0.796875,0.0,542.0,148.0
123,1.0,1.0,0.0,0.0,0.0005328797269612551,0.0068504694,1.0,1.0,1316.0,449.0,0.9070795774459839,0.9141347408294678,47.0,18.0,0.5165107846260071,0.8020833134651184,0.0,547.0,145.0
124,1.0,1.0,0.0,0.0,0.00034521971247158945,0.006808258,1.0,1.0,1316.0,449.0,0.9089831709861755,0.9167767763137817,42.0,21.0,0.5282739400863647,0.796875,0.0,544.0,150.0
125,1.0,1.0,0.0,0.0,0.0002696754818316549,0.006765971,1.0,1.0,1316.0,449.0,0.8995392322540283,0.9167767763137817,43.0,20.0,0.5444624423980713,0.796875,0.0,545.0,149.0
126,1.0,1.0,0.0,0.0,0.00017845543334260583,0.006723612,1.0,1.0,1316.0,449.0,0.9004241228103638,0.9167767763137817,43.0,20.0,0.5502403378486633,0.796875,0.0,545.0,149.0
127,1.0,1.0,0.0,0.0,0.0001898108166642487,0.0066811866,1.0,1.0,1316.0,449.0,0.8980503082275391,0.9167767763137817,43.0,20.0,0.5613993406295776,0.8020833134651184,0.0,545.0,149.0
128,1.0,1.0,0.0,0.0,0.00023347733076661825,0.0066386987,1.0,1.0,1316.0,449.0,0.9005577564239502,0.9167767763137817,42.0,21.0,0.565842866897583,0.8020833134651184,0.0,544.0,150.0
129,1.0,1.0,0.0,0.0,0.00021783412375953048,0.0065961536,1.0,1.0,1316.0,449.0,0.8998894095420837,0.9167767763137817,40.0,23.0,0.5636764168739319,0.8072916865348816,0.0,542.0,152.0
130,1.0,1.0,0.0,0.0,0.00012263556709513068,0.0065535554,1.0,1.0,1316.0,449.0,0.8998987078666687,0.9167767763137817,40.0,23.0,0.5674648284912109,0.8072916865348816,0.0,542.0,152.0
131,1.0,1.0,0.0,0.0,0.00016565171245019883,0.0065109087,1.0,1.0,1316.0,449.0,0.9000599384307861,0.9154557585716248,41.0,23.0,0.5752754807472229,0.8020833134651184,0.0,542.0,151.0
132,1.0,1.0,0.0,0.0,0.00011731813719961792,0.0064682183,1.0,1.0,1316.0,449.0,0.9005807638168335,0.918097734451294,40.0,22.0,0.5797068476676941,0.8020833134651184,0.0,543.0,152.0
133,1.0,1.0,0.0,0.0,0.0001026220852509141,0.0064254887,1.0,1.0,1316.0,449.0,0.8975939154624939,0.918097734451294,40.0,22.0,0.5862129330635071,0.8020833134651184,0.0,543.0,152.0
134,1.0,1.0,0.0,0.0,9.16592325665988e-05,0.0063827243,1.0,1.0,1316.0,449.0,0.8969117999076843,0.9167767763137817,41.0,22.0,0.5903806686401367,0.8020833134651184,0.0,543.0,151.0
135,1.0,1.0,0.0,0.0,8.596852421760559e-05,0.0063399295,1.0,1.0,1316.0,449.0,0.8964831233024597,0.9167767763137817,41.0,22.0,0.593759298324585,0.8020833134651184,0.0,543.0,151.0
136,1.0,1.0,0.0,0.0,9.449816570850089e-05,0.006297109,1.0,1.0,1316.0,449.0,0.8968565464019775,0.9167767763137817,41.0,22.0,0.5989452004432678,0.8020833134651184,0.0,543.0,151.0
137,1.0,1.0,0.0,0.0,0.00010227196617051959,0.0062542674,1.0,1.0,1316.0,449.0,0.8975663185119629,0.9154557585716248,41.0,23.0,0.6035181283950806,0.796875,0.0,542.0,151.0
138,1.0,1.0,0.0,0.0,6.912583921803162e-05,0.006211409,1.0,1.0,1316.0,449.0,0.8980087637901306,0.9167767763137817,41.0,22.0,0.6083707213401794,0.8020833134651184,0.0,543.0,151.0
139,1.0,1.0,0.0,0.0,8.600178261986002e-05,0.006168538,1.0,1.0,1316.0,449.0,0.8975617289543152,0.918097734451294,40.0,22.0,0.609722912311554,0.8020833134651184,0.0,543.0,152.0
140,1.0,1.0,0.0,0.0,5.650739694829099e-05,0.0061256583,1.0,1.0,1316.0,449.0,0.8978798389434814,0.9167767763137817,41.0,22.0,0.6149390935897827,0.8125,0.0,543.0,151.0
141,1.0,1.0,0.0,0.0,8.33058511489071e-05,0.0060827746,1.0,1.0,1316.0,449.0,0.8982531428337097,0.9167767763137817,41.0,22.0,0.6161652207374573,0.8020833134651184,0.0,543.0,151.0
142,1.0,1.0,0.0,0.0,5.6522476370446384e-05,0.0060398914,1.0,1.0,1316.0,449.0,0.8978842496871948,0.9167767763137817,41.0,22.0,0.6199567317962646,0.8020833134651184,0.0,543.0,151.0
143,0.9988864064216614,0.998866856098175,2.0,0.0,0.018859058618545532,0.005997013,0.9977728128433228,1.0,1316.0,447.0,0.8967735171318054,0.9154557585716248,39.0,25.0,0.5971812605857849,0.796875,0.0,540.0,153.0
144,1.0,0.9994333982467651,0.0,1.0,0.0013339781435206532,0.005954143,1.0,1.0,1315.0,449.0,0.9029591679573059,0.9167767763137817,42.0,21.0,0.4449952244758606,0.8020833134651184,0.0,544.0,150.0
145,1.0,1.0,0.0,0.0,0.0006785224541090429,0.0059112865,1.0,1.0,1316.0,449.0,0.8994516730308533,0.918097734451294,39.0,23.0,0.48316267132759094,0.796875,0.0,542.0,153.0
146,1.0,1.0,0.0,0.0,0.00042895314982160926,0.005868447,1.0,1.0,1316.0,449.0,0.8996451497077942,0.9154557585716248,39.0,25.0,0.5045084953308105,0.796875,0.0,540.0,153.0
147,1.0,1.0,0.0,0.0,0.0002529383054934442,0.0058256285,1.0,1.0,1316.0,449.0,0.8997372984886169,0.9167767763137817,39.0,24.0,0.5220603942871094,0.8072916865348816,0.0,541.0,153.0
148,1.0,1.0,0.0,0.0,0.0002578244311735034,0.0057828357,1.0,1.0,1316.0,449.0,0.8970824480056763,0.918097734451294,39.0,23.0,0.5348447561264038,0.8020833134651184,0.0,542.0,153.0
149,1.0,1.0,0.0,0.0,0.00019426355720497668,0.005740072,1.0,1.0,1316.0,449.0,0.8998340964317322,0.918097734451294,39.0,23.0,0.5436769127845764,0.8020833134651184,0.0,542.0,153.0
150,1.0,1.0,0.0,0.0,0.0001741320884320885,0.005697342,1.0,1.0,1316.0,449.0,0.897676944732666,0.9194187521934509,39.0,22.0,0.5521639585494995,0.8020833134651184,0.0,543.0,153.0
151,1.0,1.0,0.0,0.0,0.00032003389787860215,0.0056546493,1.0,1.0,1316.0,449.0,0.8975433111190796,0.9194187521934509,39.0,22.0,0.5619117617607117,0.8072916865348816,0.0,543.0,153.0
152,1.0,1.0,0.0,0.0,0.0001816257426980883,0.005611998,1.0,1.0,1316.0,449.0,0.8981793522834778,0.9194187521934509,39.0,22.0,0.5748980641365051,0.8020833134651184,0.0,543.0,153.0
153,1.0,1.0,0.0,0.0,0.00011282802006462589,0.0055693923,1.0,1.0,1316.0,449.0,0.897580087184906,0.9194187521934509,39.0,22.0,0.5751155018806458,0.8020833134651184,0.0,543.0,153.0
154,1.0,1.0,0.0,0.0,0.00014658078725915402,0.0055268356,1.0,1.0,1316.0,449.0,0.8970823287963867,0.9207397699356079,38.0,22.0,0.5883837342262268,0.8072916865348816,0.0,543.0,154.0
155,1.0,1.0,0.0,0.0,0.0001333379914285615,0.005484332,1.0,1.0,1316.0,449.0,0.8966352343559265,0.9167767763137817,38.0,25.0,0.59386146068573,0.8072916865348816,0.0,540.0,154.0
156,1.0,1.0,0.0,0.0,0.00010587311408016831,0.005441885,1.0,1.0,1316.0,449.0,0.8974049687385559,0.9194187521934509,38.0,23.0,0.5986936688423157,0.8072916865348816,0.0,542.0,154.0
157,0.9988855123519897,0.998866856098175,2.0,0.0,0.011222980916500092,0.005399499,0.9977728128433228,1.0,1316.0,447.0,0.8985757231712341,0.9141347408294678,37.0,28.0,0.6092516183853149,0.8072916865348816,0.0,537.0,155.0
158,0.9987426400184631,0.9971671104431152,2.0,3.0,0.01065139751881361,0.0053571775,0.9977728128433228,1.0,1313.0,447.0,0.8853013515472412,0.8943196535110474,52.0,28.0,0.583713948726654,0.734375,0.0,537.0,140.0
159,0.9999915361404419,0.998866856098175,1.0,1.0,0.004543276038020849,0.005314924,1.0,1.0,1315.0,448.0,0.8973267078399658,0.9167767763137817,54.0,9.0,0.5324234366416931,0.7760416865348816,0.0,556.0,138.0
160,1.0,1.0,0.0,0.0,0.0007490961579605937,0.005272742,1.0,1.0,1316.0,449.0,0.8947179317474365,0.9154557585716248,48.0,16.0,0.5291472673416138,0.78125,0.0,549.0,144.0
161,1.0,1.0,0.0,0.0,0.0006117946468293667,0.0052306354,1.0,1.0,1316.0,449.0,0.8953033685684204,0.9141347408294678,47.0,18.0,0.5348041653633118,0.7760416865348816,0.0,547.0,145.0
162,1.0,1.0,0.0,0.0,0.0003720341483131051,0.0051886076,1.0,1.0,1316.0,449.0,0.8976678252220154,0.9167767763137817,44.0,19.0,0.5331833958625793,0.7864583134651184,0.0,546.0,148.0
163,1.0,1.0,0.0,0.0,0.0004831004480365664,0.0051466622,1.0,1.0,1316.0,449.0,0.899806559085846,0.9167767763137817,44.0,19.0,0.5405728816986084,0.7864583134651184,0.0,546.0,148.0
164,1.0,1.0,0.0,0.0,0.000301848107483238,0.005104803,1.0,1.0,1316.0,449.0,0.8973451852798462,0.9154557585716248,44.0,20.0,0.5482934713363647,0.7864583134651184,0.0,545.0,148.0
165,1.0,1.0,0.0,0.0,0.0002396817144472152,0.005063033,1.0,1.0,1316.0,449.0,0.8967965841293335,0.9154557585716248,44.0,20.0,0.5590856671333313,0.7916666865348816,0.0,545.0,148.0
166,1.0,1.0,0.0,0.0,0.00025549097335897386,0.005021356,1.0,1.0,1316.0,449.0,0.8931692838668823,0.9154557585716248,44.0,20.0,0.5741606950759888,0.7916666865348816,0.0,545.0,148.0
167,0.9999999403953552,1.0,0.0,0.0,0.0001491228467784822,0.004979775,1.0,1.0,1316.0,449.0,0.894123375415802,0.9167767763137817,44.0,19.0,0.5767948627471924,0.7916666865348816,0.0,546.0,148.0
168,1.0,1.0,0.0,0.0,0.0001533545000711456,0.0049382932,1.0,1.0,1316.0,449.0,0.8941556811332703,0.9141347408294678,45.0,20.0,0.5802040696144104,0.7916666865348816,0.0,545.0,147.0
169,1.0,1.0,0.0,0.0,0.00048375711776316166,0.004896914,1.0,1.0,1316.0,449.0,0.8951787948608398,0.9154557585716248,45.0,19.0,0.5852376222610474,0.796875,0.0,546.0,147.0
170,0.9999966025352478,0.998866856098175,1.0,1.0,0.0026821063365787268,0.004855641,1.0,1.0,1315.0,448.0,0.8838495016098022,0.9114927053451538,49.0,18.0,0.6060096025466919,0.7864583134651184,0.0,547.0,143.0
171,1.0,1.0,0.0,0.0,0.0005552178481593728,0.004814477,1.0,1.0,1316.0,449.0,0.8960177898406982,0.9101717472076416,38.0,30.0,0.5960277915000916,0.8020833134651184,0.0,535.0,154.0
172,1.0,1.0,0.0,0.0,0.0003335954388603568,0.004773426,1.0,1.0,1316.0,449.0,0.9036458730697632,0.9141347408294678,37.0,28.0,0.573697030544281,0.8072916865348816,0.0,537.0,155.0
173,1.0,1.0,0.0,0.0,0.00023372520809061825,0.00473249,1.0,1.0,1316.0,449.0,0.9008435606956482,0.9154557585716248,38.0,26.0,0.5596734285354614,0.8125,0.0,539.0,154.0
174,1.0,1.0,0.0,0.0,0.0002399045042693615,0.0046916725,1.0,1.0,1316.0,449.0,0.9007283449172974,0.9167767763137817,40.0,23.0,0.5475630164146423,0.8125,0.0,542.0,152.0
175,1.0,1.0,0.0,0.0,0.0008081914857029915,0.0046509765,1.0,1.0,1316.0,449.0,0.8979121446609497,0.9022457003593445,44.0,30.0,0.5721269249916077,0.7708333134651184,0.0,535.0,148.0
176,1.0,1.0,0.0,0.0,0.00023012323072180152,0.004610405,1.0,1.0,1316.0,449.0,0.8889011144638062,0.9101717472076416,47.0,21.0,0.5766988396644592,0.78125,0.0,544.0,145.0
177,1.0,1.0,0.0,0.0,9.302340913563967e-05,0.0045699608,1.0,1.0,1316.0,449.0,0.8899244070053101,0.9101717472076416,47.0,21.0,0.5817854404449463,0.7708333134651184,0.0,544.0,145.0
178,1.0,1.0,0.0,0.0,0.00011881088721565902,0.004529647,1.0,1.0,1316.0,449.0,0.8905144333839417,0.9101717472076416,47.0,21.0,0.5881038308143616,0.7864583134651184,0.0,544.0,145.0
179,1.0,1.0,0.0,0.0,8.510259067406878e-05,0.0044894665,1.0,1.0,1316.0,449.0,0.8903622031211853,0.9128137230873108,46.0,20.0,0.5883684754371643,0.7760416865348816,0.0,545.0,146.0
180,1.0,1.0,0.0,0.0,9.55574432737194e-05,0.0044494215,1.0,1.0,1316.0,449.0,0.89072185754776,0.9114927053451538,46.0,21.0,0.5899566411972046,0.796875,0.0,544.0,146.0
181,1.0,1.0,0.0,0.0,0.00012362684356048703,0.0044095153,1.0,1.0,1316.0,449.0,0.8933351039886475,0.9141347408294678,46.0,19.0,0.5893214344978333,0.7916666865348816,0.0,546.0,146.0
182,0.9977677464485168,0.998866856098175,2.0,0.0,0.016967205330729485,0.0043697506,0.9955456852912903,1.0,1316.0,447.0,0.8962389230728149,0.9128137230873108,43.0,23.0,0.5871699452400208,0.7916666865348816,0.0,542.0,149.0
183,0.9995946884155273,0.9977337121963501,2.0,2.0,0.008592006750404835,0.00433013,1.0,0.9992401003837585,1314.0,447.0,0.8981425166130066,0.8678995966911316,33.0,67.0,0.7393926382064819,0.0,0.0,498.0,159.0
184,1.0,1.0,0.0,0.0,0.0012180148623883724,0.0042906557,1.0,1.0,1316.0,449.0,0.9014519453048706,0.8929986953735352,37.0,44.0,0.5789888501167297,0.78125,0.0,521.0,155.0
185,1.0,1.0,0.0,0.0,0.0009345506550744176,0.004251331,1.0,1.0,1316.0,449.0,0.8974971175193787,0.8996037244796753,45.0,31.0,0.5479523539543152,0.75,0.0,534.0,147.0
186,1.0,1.0,0.0,0.0,0.0006882271845825016,0.004212158,1.0,1.0,1316.0,449.0,0.8921414017677307,0.9088507294654846,44.0,25.0,0.5486647486686707,0.7708333134651184,0.0,540.0,148.0
187,1.0,1.0,0.0,0.0,0.0004329530638642609,0.004173139,1.0,1.0,1316.0,449.0,0.8925885558128357,0.9062086939811707,45.0,26.0,0.5484665036201477,0.7760416865348816,0.0,539.0,147.0
188,1.0,1.0,0.0,0.0,0.00031107047107070684,0.004134277,1.0,1.0,1316.0,449.0,0.8933351635932922,0.9048877358436584,46.0,26.0,0.5573591589927673,0.7760416865348816,0.0,539.0,146.0
189,1.0,1.0,0.0,0.0,0.000279121333733201,0.004095574,1.0,1.0,1316.0,449.0,0.8936901092529297,0.9062086939811707,45.0,26.0,0.5650429129600525,0.7760416865348816,0.0,539.0,147.0
190,0.9999999403953552,1.0,0.0,0.0,0.0002779420174192637,0.004057032,1.0,1.0,1316.0,449.0,0.8925055265426636,0.9075297117233276,46.0,24.0,0.5716644525527954,0.7760416865348816,0.0,541.0,146.0
191,1.0,1.0,0.0,0.0,0.0002865878341253847,0.004018654,1.0,1.0,1316.0,449.0,0.8902286291122437,0.9101717472076416,46.0,22.0,0.579108476638794,0.7760416865348816,0.0,543.0,146.0
192,1.0,1.0,0.0,0.0,0.0001905422395793721,0.003980442,1.0,1.0,1316.0,449.0,0.8910768032073975,0.9101717472076416,47.0,21.0,0.5811476707458496,0.7760416865348816,0.0,544.0,145.0
193,0.9999999403953552,1.0,0.0,0.0,0.00020039048104081303,0.003942398,1.0,1.0,1316.0,449.0,0.8915882706642151,0.9114927053451538,46.0,21.0,0.5872155427932739,0.7760416865348816,0.0,544.0,146.0
194,1.0,1.0,0.0,0.0,0.0001723576569929719,0.003904524,1.0,1.0,1316.0,449.0,0.8924503326416016,0.9088507294654846,48.0,21.0,0.5909615755081177,0.7760416865348816,0.0,544.0,144.0
195,1.0,1.0,0.0,0.0,0.00022104343224782497,0.0038668225,1.0,1.0,1316.0,449.0,0.8919479250907898,0.9075297117233276,49.0,21.0,0.6006497740745544,0.7760416865348816,0.0,544.0,143.0
196,1.0,1.0,0.0,0.0,0.00017665361519902945,0.0038292953,1.0,1.0,1316.0,449.0,0.8898137807846069,0.9088507294654846,48.0,21.0,0.6055099368095398,0.78125,0.0,544.0,144.0
197,1.0,1.0,0.0,0.0,0.00024279383069369942,0.0037919446,1.0,1.0,1316.0,449.0,0.8883157968521118,0.9062086939811707,45.0,26.0,0.6101810932159424,0.78125,0.0,539.0,147.0
198,1.0,1.0,0.0,0.0,0.00018041158909909427,0.0037547722,1.0,1.0,1316.0,449.0,0.88579922914505,0.9075297117233276,44.0,26.0,0.6128296256065369,0.78125,0.0,539.0,148.0
199,1.0,1.0,0.0,0.0,0.00011519550025695935,0.0037177803,1.0,1.0,1316.0,449.0,0.8904867172241211,0.9088507294654846,43.0,26.0,0.6195583343505859,0.7864583134651184,0.0,539.0,149.0
